text,sentiment
"I love this product, it works perfectly and exceeded my expectations.",positive
"Amazing quality and great value for money.",positive
"This is one of the best purchases I have made.",positive
"Absolutely fantastic experience from start to finish.",positive
"The performance is excellent and I would recommend it.",positive
"I am very happy with this service.",positive
"Support was helpful and the results were outstanding.",positive
"The design is beautiful and the app is easy to use.",positive
"A wonderful experience overall.",positive
"Highly satisfied with the product and delivery.",positive
"The movie was excellent and the acting was brilliant.",positive
"Great product, I would buy it again.",positive
"It is simple, effective, and reliable.",positive
"The quality is impressive and the features are useful.",positive
"Very pleased with the purchase.",positive
"The experience was smooth and enjoyable.",positive
"It exceeded my expectations in every way.",positive
"Top-notch service and fast delivery.",positive
"I had a pleasant experience using this.",positive
"Everything about it feels premium.",positive
"This product is terrible and stopped working quickly.",negative
"Very disappointing quality and poor support.",negative
"I regret buying this because it is useless.",negative
"The experience was frustrating and slow.",negative
"Worst purchase I have made this year.",negative
"It broke after one day of use.",negative
"The app crashes constantly and is unreliable.",negative
"Customer service was rude and unhelpful.",negative
"The product did not match the description.",negative
"I am unhappy with the performance.",negative
"The movie was boring and far too long.",negative
"Poor build quality and weak battery life.",negative
"This was a waste of time and money.",negative
"The results were below expectations.",negative
"Extremely bad experience overall.",negative
"Not worth the price at all.",negative
"The interface is confusing and buggy.",negative
"It failed to deliver on its promises.",negative
"I would not recommend this to anyone.",negative
"A frustrating and unpleasant purchase.",negative
"The item is okay, nothing special.",neutral
"It works as expected.",neutral
"The service was average and acceptable.",neutral
"This product is fine for basic use.",neutral
"The movie was neither good nor bad.",neutral
"I received the package on time.",neutral
"The experience was normal and unremarkable.",neutral
"It does what it says on the box.",neutral
"The quality is decent overall.",neutral
"Nothing stood out about the product.",neutral
"It is an okay option if you need it.",neutral
"The app is functional but not exciting.",neutral
"I have no strong opinion about it.",neutral
"The delivery was completed without issues.",neutral
"The features are standard and usable.",neutral
"This is an average service.",neutral
"The result met the basic requirements.",neutral
"It is satisfactory for everyday tasks.",neutral
"No complaints, but no excitement either.",neutral
"The product is acceptable and works.",neutral
